<?xml version="1.0" encoding="UTF-8"?>
<sequence name="InquireForMaintenanceInSequence" trace="disable" xmlns="http://ws.apache.org/ns/synapse">
    <log description="INQUIRE_FOR_MAINTENANCE_START_LOG" level="custom">
        <property name="INQUIRE_FOR_MAINTENANCE_START_LOG" value="Executing InquireForMaintenanceInSequence"/>
    </log>
    <log level="full"/>
    <datamapper config="gov:datamapper/InquireForMaintenanceConfig.dmc" description="INQUIRE_FOR_MAINTENANCE_PAYLOAD" inputSchema="gov:datamapper/InquireForMaintenanceConfig_inputSchema.json" inputType="JSON" outputSchema="gov:datamapper/InquireForMaintenanceConfig_outputSchema.json" outputType="XML" xsltStyleSheet="gov:datamapper/InquireForMaintenanceConfig_xsltStyleSheet.xml"/>
    <log level="full"/>
    <header name="soapAction" scope="transport" value=""/>
    <send>
        <endpoint key="DemandDepositMaintenanceSpiEP"/>
    </send>
</sequence>
