<?xml version="1.0" encoding="UTF-8"?>
<sequence name="MisCustDebitWithDRCRAmtDepDtlsInSequence" trace="disable" xmlns="http://ws.apache.org/ns/synapse">
    <log description="MIS_CUST_DEBIT_WITH_DRCR_START_LOG" level="custom">
        <property name="MIS_CUST_DEBIT_WITH_DRCR_START_LOG" value="Executing MisCustDebitWithDRCRAmtDepDtlsInSequence"/>
    </log>
    <log level="full"/>
    <datamapper config="gov:datamapper/MisCustDebitWithDRCRAmtDepDtlsConfig.dmc" inputSchema="gov:datamapper/MisCustDebitWithDRCRAmtDepDtlsConfig_inputSchema.json" inputType="JSON" outputSchema="gov:datamapper/MisCustDebitWithDRCRAmtDepDtlsConfig_outputSchema.json" outputType="XML" xsltStyleSheet="gov:datamapper/MisCustDebitWithDRCRAmtDepDtlsConfig_xsltStyleSheet.xml"/>
    <header name="soapAction" scope="transport" value=""/>
    <log level="full"/>
    <send>
        <endpoint key="DemandDepositManagerSpiSoapEP"/>
    </send>
</sequence>
