{
  "$schema" : "http://wso2.org/json-schema/wso2-data-mapper-v5.0.0/schema#",
  "outputType" : "XML",
  "id" : "http://wso2jsonschema.org",
  "title" : "soapenv:Envelope",
  "type" : "object",
  "properties" : {
    "soapenv:Header" : {
      "id" : "http://wso2jsonschema.org/soapenv:Header",
      "type" : "string"
    },
    "soapenv:Body" : {
      "id" : "http://wso2jsonschema.org/soapenv:Body",
      "type" : "object",
      "properties" : {
        "spi:activateDeactivateAccount" : {
          "id" : "http://wso2jsonschema.org/soapenv:Body/spi:activateDeactivateAccount",
          "type" : "object",
          "properties" : {
            "spi:sessionContext" : {
              "id" : "http://wso2jsonschema.org/soapenv:Body/spi:activateDeactivateAccount/spi:sessionContext",
              "type" : "object",
              "properties" : {
                "con:bankCode" : {
                  "id" : "http://wso2jsonschema.org/soapenv:Body/spi:activateDeactivateAccount/spi:sessionContext/con:bankCode",
                  "type" : "string"
                },
                "con:channel" : {
                  "id" : "http://wso2jsonschema.org/soapenv:Body/spi:activateDeactivateAccount/spi:sessionContext/con:channel",
                  "type" : "string"
                },
                "con:externalBatchNumber" : {
                  "id" : "http://wso2jsonschema.org/soapenv:Body/spi:activateDeactivateAccount/spi:sessionContext/con:externalBatchNumber",
                  "type" : "string"
                },
                "con:externalReferenceNo" : {
                  "id" : "http://wso2jsonschema.org/soapenv:Body/spi:activateDeactivateAccount/spi:sessionContext/con:externalReferenceNo",
                  "type" : "string"
                },
                "con:externalSystemAuditTrailNumber" : {
                  "id" : "http://wso2jsonschema.org/soapenv:Body/spi:activateDeactivateAccount/spi:sessionContext/con:externalSystemAuditTrailNumber",
                  "type" : "string"
                },
                "con:localDateTimeText" : {
                  "id" : "http://wso2jsonschema.org/soapenv:Body/spi:activateDeactivateAccount/spi:sessionContext/con:localDateTimeText",
                  "type" : "string"
                },
                "con:originalReferenceNo" : {
                  "id" : "http://wso2jsonschema.org/soapenv:Body/spi:activateDeactivateAccount/spi:sessionContext/con:originalReferenceNo",
                  "type" : "string"
                },
                "con:overridenWarnings" : {
                  "id" : "http://wso2jsonschema.org/soapenv:Body/spi:activateDeactivateAccount/spi:sessionContext/con:overridenWarnings",
                  "type" : "string"
                },
                "con:postingDateText" : {
                  "id" : "http://wso2jsonschema.org/soapenv:Body/spi:activateDeactivateAccount/spi:sessionContext/con:postingDateText",
                  "type" : "string"
                },
                "con:reason" : {
                  "id" : "http://wso2jsonschema.org/soapenv:Body/spi:activateDeactivateAccount/spi:sessionContext/con:reason",
                  "type" : "object",
                  "properties" : {
                    "con:comment" : {
                      "id" : "http://wso2jsonschema.org/soapenv:Body/spi:activateDeactivateAccount/spi:sessionContext/con:reason/con:comment",
                      "type" : "string"
                    },
                    "con:reasonCode" : {
                      "id" : "http://wso2jsonschema.org/soapenv:Body/spi:activateDeactivateAccount/spi:sessionContext/con:reason/con:reasonCode",
                      "type" : "string"
                    }
                  }
                },
                "con:serviceCode" : {
                  "id" : "http://wso2jsonschema.org/soapenv:Body/spi:activateDeactivateAccount/spi:sessionContext/con:serviceCode",
                  "type" : "string"
                },
                "con:sessionTicket" : {
                  "id" : "http://wso2jsonschema.org/soapenv:Body/spi:activateDeactivateAccount/spi:sessionContext/con:sessionTicket",
                  "type" : "string"
                },
                "con:supervisorContext" : {
                  "id" : "http://wso2jsonschema.org/soapenv:Body/spi:activateDeactivateAccount/spi:sessionContext/con:supervisorContext",
                  "type" : "object",
                  "properties" : {
                    "con:primaryPassword" : {
                      "id" : "http://wso2jsonschema.org/soapenv:Body/spi:activateDeactivateAccount/spi:sessionContext/con:supervisorContext/con:primaryPassword",
                      "type" : "string"
                    },
                    "con:userId" : {
                      "id" : "http://wso2jsonschema.org/soapenv:Body/spi:activateDeactivateAccount/spi:sessionContext/con:supervisorContext/con:userId",
                      "type" : "string"
                    }
                  }
                },
                "con:transactionBranch" : {
                  "id" : "http://wso2jsonschema.org/soapenv:Body/spi:activateDeactivateAccount/spi:sessionContext/con:transactionBranch",
                  "type" : "string"
                },
                "con:userId" : {
                  "id" : "http://wso2jsonschema.org/soapenv:Body/spi:activateDeactivateAccount/spi:sessionContext/con:userId",
                  "type" : "string"
                },
                "con:userReferenceNumber" : {
                  "id" : "http://wso2jsonschema.org/soapenv:Body/spi:activateDeactivateAccount/spi:sessionContext/con:userReferenceNumber",
                  "type" : "string"
                },
                "con:valueDateText" : {
                  "id" : "http://wso2jsonschema.org/soapenv:Body/spi:activateDeactivateAccount/spi:sessionContext/con:valueDateText",
                  "type" : "string"
                }
              }
            },
            "spi:accountId" : {
              "id" : "http://wso2jsonschema.org/soapenv:Body/spi:activateDeactivateAccount/spi:accountId",
              "type" : "string"
            },
            "spi:isApplicationAccepted" : {
              "id" : "http://wso2jsonschema.org/soapenv:Body/spi:activateDeactivateAccount/spi:isApplicationAccepted",
              "type" : "string"
            },
            "spi:verification" : {
              "id" : "http://wso2jsonschema.org/soapenv:Body/spi:activateDeactivateAccount/spi:verification",
              "type" : "string"
            }
          }
        }
      }
    }
  },
  "namespaces" : [ {
    "prefix" : "soapenv",
    "url" : "http://schemas.xmlsoap.org/soap/envelope/"
  }, {
    "prefix" : "spi",
    "url" : "http://spi.savings.deposit.app.fcr.iflex.com"
  }, {
    "prefix" : "con",
    "url" : "http://context.app.fcr.iflex.com"
  } ]
}