{
  "$schema" : "http://wso2.org/json-schema/wso2-data-mapper-v5.0.0/schema#",
  "inputType" : "JSON",
  "id" : "http://wso2jsonschema.org",
  "title" : "root",
  "type" : "object",
  "properties" : {
    "addStandingInstruction" : {
      "id" : "http://wso2jsonschema.org/addStandingInstruction",
      "type" : "object",
      "properties" : {
        "sessionContext" : {
          "id" : "http://wso2jsonschema.org/addStandingInstruction/sessionContext",
          "type" : "object",
          "properties" : {
            "bankCode" : {
              "id" : "http://wso2jsonschema.org/addStandingInstruction/sessionContext/bankCode",
              "type" : "string"
            },
            "channel" : {
              "id" : "http://wso2jsonschema.org/addStandingInstruction/sessionContext/channel",
              "type" : "string"
            },
            "externalBatchNumber" : {
              "id" : "http://wso2jsonschema.org/addStandingInstruction/sessionContext/externalBatchNumber",
              "type" : "string"
            },
            "externalReferenceNo" : {
              "id" : "http://wso2jsonschema.org/addStandingInstruction/sessionContext/externalReferenceNo",
              "type" : "string"
            },
            "externalSystemAuditTrailNumber" : {
              "id" : "http://wso2jsonschema.org/addStandingInstruction/sessionContext/externalSystemAuditTrailNumber",
              "type" : "string"
            },
            "localDateTimeText" : {
              "id" : "http://wso2jsonschema.org/addStandingInstruction/sessionContext/localDateTimeText",
              "type" : "string"
            },
            "originalReferenceNo" : {
              "id" : "http://wso2jsonschema.org/addStandingInstruction/sessionContext/originalReferenceNo",
              "type" : "string"
            },
            "overridenWarnings" : {
              "id" : "http://wso2jsonschema.org/addStandingInstruction/sessionContext/overridenWarnings",
              "type" : "string"
            },
            "postingDateText" : {
              "id" : "http://wso2jsonschema.org/addStandingInstruction/sessionContext/postingDateText",
              "type" : "string"
            },
            "reason" : {
              "id" : "http://wso2jsonschema.org/addStandingInstruction/sessionContext/reason",
              "type" : "object",
              "properties" : {
                "comment" : {
                  "id" : "http://wso2jsonschema.org/addStandingInstruction/sessionContext/reason/comment",
                  "type" : "string"
                },
                "reasonCode" : {
                  "id" : "http://wso2jsonschema.org/addStandingInstruction/sessionContext/reason/reasonCode",
                  "type" : "string"
                }
              }
            },
            "serviceCode" : {
              "id" : "http://wso2jsonschema.org/addStandingInstruction/sessionContext/serviceCode",
              "type" : "string"
            },
            "sessionTicket" : {
              "id" : "http://wso2jsonschema.org/addStandingInstruction/sessionContext/sessionTicket",
              "type" : "string"
            },
            "supervisorContext" : {
              "id" : "http://wso2jsonschema.org/addStandingInstruction/sessionContext/supervisorContext",
              "type" : "object",
              "properties" : {
                "primaryPassword" : {
                  "id" : "http://wso2jsonschema.org/addStandingInstruction/sessionContext/supervisorContext/primaryPassword",
                  "type" : "string"
                },
                "userId" : {
                  "id" : "http://wso2jsonschema.org/addStandingInstruction/sessionContext/supervisorContext/userId",
                  "type" : "string"
                }
              }
            },
            "transactionBranch" : {
              "id" : "http://wso2jsonschema.org/addStandingInstruction/sessionContext/transactionBranch",
              "type" : "string"
            },
            "userId" : {
              "id" : "http://wso2jsonschema.org/addStandingInstruction/sessionContext/userId",
              "type" : "string"
            },
            "userReferenceNumber" : {
              "id" : "http://wso2jsonschema.org/addStandingInstruction/sessionContext/userReferenceNumber",
              "type" : "string"
            },
            "valueDateText" : {
              "id" : "http://wso2jsonschema.org/addStandingInstruction/sessionContext/valueDateText",
              "type" : "string"
            }
          }
        },
        "standingInstructionDTOreq" : {
          "id" : "http://wso2jsonschema.org/addStandingInstruction/standingInstructionDTOreq",
          "type" : "object",
          "properties" : {
            "accountId" : {
              "id" : "http://wso2jsonschema.org/addStandingInstruction/standingInstructionDTOreq/accountId",
              "type" : "string"
            },
            "amount" : {
              "id" : "http://wso2jsonschema.org/addStandingInstruction/standingInstructionDTOreq/amount",
              "type" : "string"
            },
            "applySC" : {
              "id" : "http://wso2jsonschema.org/addStandingInstruction/standingInstructionDTOreq/applySC",
              "type" : "string"
            },
            "automaticallyIssued" : {
              "id" : "http://wso2jsonschema.org/addStandingInstruction/standingInstructionDTOreq/automaticallyIssued",
              "type" : "string"
            },
            "beneficiaryAccountId" : {
              "id" : "http://wso2jsonschema.org/addStandingInstruction/standingInstructionDTOreq/beneficiaryAccountId",
              "type" : "string"
            },
            "beneficiaryAccountType" : {
              "id" : "http://wso2jsonschema.org/addStandingInstruction/standingInstructionDTOreq/beneficiaryAccountType",
              "type" : "string"
            },
            "beneficiaryDetailsDTO" : {
              "id" : "http://wso2jsonschema.org/addStandingInstruction/standingInstructionDTOreq/beneficiaryDetailsDTO",
              "type" : "object",
              "properties" : {
                "beneficiaryAccountTypes" : {
                  "id" : "http://wso2jsonschema.org/addStandingInstruction/standingInstructionDTOreq/beneficiaryDetailsDTO/beneficiaryAccountTypes",
                  "type" : "string"
                },
                "beneficiaryAddress" : {
                  "id" : "http://wso2jsonschema.org/addStandingInstruction/standingInstructionDTOreq/beneficiaryDetailsDTO/beneficiaryAddress",
                  "type" : "object",
                  "properties" : {
                    "city" : {
                      "id" : "http://wso2jsonschema.org/addStandingInstruction/standingInstructionDTOreq/beneficiaryDetailsDTO/beneficiaryAddress/city",
                      "type" : "string"
                    },
                    "country" : {
                      "id" : "http://wso2jsonschema.org/addStandingInstruction/standingInstructionDTOreq/beneficiaryDetailsDTO/beneficiaryAddress/country",
                      "type" : "string"
                    },
                    "line1" : {
                      "id" : "http://wso2jsonschema.org/addStandingInstruction/standingInstructionDTOreq/beneficiaryDetailsDTO/beneficiaryAddress/line1",
                      "type" : "string"
                    },
                    "line2" : {
                      "id" : "http://wso2jsonschema.org/addStandingInstruction/standingInstructionDTOreq/beneficiaryDetailsDTO/beneficiaryAddress/line2",
                      "type" : "string"
                    },
                    "line3" : {
                      "id" : "http://wso2jsonschema.org/addStandingInstruction/standingInstructionDTOreq/beneficiaryDetailsDTO/beneficiaryAddress/line3",
                      "type" : "string"
                    },
                    "state" : {
                      "id" : "http://wso2jsonschema.org/addStandingInstruction/standingInstructionDTOreq/beneficiaryDetailsDTO/beneficiaryAddress/state",
                      "type" : "string"
                    },
                    "zip" : {
                      "id" : "http://wso2jsonschema.org/addStandingInstruction/standingInstructionDTOreq/beneficiaryDetailsDTO/beneficiaryAddress/zip",
                      "type" : "string"
                    }
                  }
                },
                "beneficiaryId" : {
                  "id" : "http://wso2jsonschema.org/addStandingInstruction/standingInstructionDTOreq/beneficiaryDetailsDTO/beneficiaryId",
                  "type" : "string"
                },
                "beneficiaryName" : {
                  "id" : "http://wso2jsonschema.org/addStandingInstruction/standingInstructionDTOreq/beneficiaryDetailsDTO/beneficiaryName",
                  "type" : "string"
                },
                "beneficiaryPhone" : {
                  "id" : "http://wso2jsonschema.org/addStandingInstruction/standingInstructionDTOreq/beneficiaryDetailsDTO/beneficiaryPhone",
                  "type" : "object",
                  "properties" : {
                    "extension" : {
                      "id" : "http://wso2jsonschema.org/addStandingInstruction/standingInstructionDTOreq/beneficiaryDetailsDTO/beneficiaryPhone/extension",
                      "type" : "string"
                    },
                    "isdCode" : {
                      "id" : "http://wso2jsonschema.org/addStandingInstruction/standingInstructionDTOreq/beneficiaryDetailsDTO/beneficiaryPhone/isdCode",
                      "type" : "string"
                    },
                    "number" : {
                      "id" : "http://wso2jsonschema.org/addStandingInstruction/standingInstructionDTOreq/beneficiaryDetailsDTO/beneficiaryPhone/number",
                      "type" : "string"
                    },
                    "stdCode" : {
                      "id" : "http://wso2jsonschema.org/addStandingInstruction/standingInstructionDTOreq/beneficiaryDetailsDTO/beneficiaryPhone/stdCode",
                      "type" : "string"
                    }
                  }
                }
              }
            },
            "branch" : {
              "id" : "http://wso2jsonschema.org/addStandingInstruction/standingInstructionDTOreq/branch",
              "type" : "string"
            },
            "calendarBased" : {
              "id" : "http://wso2jsonschema.org/addStandingInstruction/standingInstructionDTOreq/calendarBased",
              "type" : "string"
            },
            "endDate" : {
              "id" : "http://wso2jsonschema.org/addStandingInstruction/standingInstructionDTOreq/endDate",
              "type" : "string"
            },
            "failureReason" : {
              "id" : "http://wso2jsonschema.org/addStandingInstruction/standingInstructionDTOreq/failureReason",
              "type" : "string"
            },
            "financialInstitutionCode" : {
              "id" : "http://wso2jsonschema.org/addStandingInstruction/standingInstructionDTOreq/financialInstitutionCode",
              "type" : "string"
            },
            "forceDebitAllowed" : {
              "id" : "http://wso2jsonschema.org/addStandingInstruction/standingInstructionDTOreq/forceDebitAllowed",
              "type" : "string"
            },
            "instructionCurrency" : {
              "id" : "http://wso2jsonschema.org/addStandingInstruction/standingInstructionDTOreq/instructionCurrency",
              "type" : "string"
            },
            "instructionNumber" : {
              "id" : "http://wso2jsonschema.org/addStandingInstruction/standingInstructionDTOreq/instructionNumber",
              "type" : "string"
            },
            "lastDate" : {
              "id" : "http://wso2jsonschema.org/addStandingInstruction/standingInstructionDTOreq/lastDate",
              "type" : "string"
            },
            "lastRetryDate" : {
              "id" : "http://wso2jsonschema.org/addStandingInstruction/standingInstructionDTOreq/lastRetryDate",
              "type" : "string"
            },
            "narrative" : {
              "id" : "http://wso2jsonschema.org/addStandingInstruction/standingInstructionDTOreq/narrative",
              "type" : "string"
            },
            "nextDate" : {
              "id" : "http://wso2jsonschema.org/addStandingInstruction/standingInstructionDTOreq/nextDate",
              "type" : "string"
            },
            "nonFCBranchCode" : {
              "id" : "http://wso2jsonschema.org/addStandingInstruction/standingInstructionDTOreq/nonFCBranchCode",
              "type" : "string"
            },
            "paymentCode" : {
              "id" : "http://wso2jsonschema.org/addStandingInstruction/standingInstructionDTOreq/paymentCode",
              "type" : "string"
            },
            "paymentDescription" : {
              "id" : "http://wso2jsonschema.org/addStandingInstruction/standingInstructionDTOreq/paymentDescription",
              "type" : "string"
            },
            "paymentMode" : {
              "id" : "http://wso2jsonschema.org/addStandingInstruction/standingInstructionDTOreq/paymentMode",
              "type" : "string"
            },
            "paymentType" : {
              "id" : "http://wso2jsonschema.org/addStandingInstruction/standingInstructionDTOreq/paymentType",
              "type" : "string"
            },
            "priority" : {
              "id" : "http://wso2jsonschema.org/addStandingInstruction/standingInstructionDTOreq/priority",
              "type" : "string"
            },
            "product" : {
              "id" : "http://wso2jsonschema.org/addStandingInstruction/standingInstructionDTOreq/product",
              "type" : "string"
            },
            "receivingBankCode" : {
              "id" : "http://wso2jsonschema.org/addStandingInstruction/standingInstructionDTOreq/receivingBankCode",
              "type" : "string"
            },
            "receivingBranchCode" : {
              "id" : "http://wso2jsonschema.org/addStandingInstruction/standingInstructionDTOreq/receivingBranchCode",
              "type" : "string"
            },
            "retryCount" : {
              "id" : "http://wso2jsonschema.org/addStandingInstruction/standingInstructionDTOreq/retryCount",
              "type" : "string"
            },
            "routingNumber" : {
              "id" : "http://wso2jsonschema.org/addStandingInstruction/standingInstructionDTOreq/routingNumber",
              "type" : "string"
            },
            "standingInstructionFrequency" : {
              "id" : "http://wso2jsonschema.org/addStandingInstruction/standingInstructionDTOreq/standingInstructionFrequency",
              "type" : "string"
            },
            "standingInstructionType" : {
              "id" : "http://wso2jsonschema.org/addStandingInstruction/standingInstructionDTOreq/standingInstructionType",
              "type" : "number"
            },
            "startDate" : {
              "id" : "http://wso2jsonschema.org/addStandingInstruction/standingInstructionDTOreq/startDate",
              "type" : "string"
            },
            "termDepositDetails" : {
              "id" : "http://wso2jsonschema.org/addStandingInstruction/standingInstructionDTOreq/termDepositDetails",
              "type" : "object",
              "properties" : {
                "accountVariance" : {
                  "id" : "http://wso2jsonschema.org/addStandingInstruction/standingInstructionDTOreq/termDepositDetails/accountVariance",
                  "type" : "string"
                },
                "baseAmountForRate" : {
                  "id" : "http://wso2jsonschema.org/addStandingInstruction/standingInstructionDTOreq/termDepositDetails/baseAmountForRate",
                  "type" : "string"
                },
                "compoundingFrequency" : {
                  "id" : "http://wso2jsonschema.org/addStandingInstruction/standingInstructionDTOreq/termDepositDetails/compoundingFrequency",
                  "type" : "string"
                },
                "isSweepInProvider" : {
                  "id" : "http://wso2jsonschema.org/addStandingInstruction/standingInstructionDTOreq/termDepositDetails/isSweepInProvider",
                  "type" : "string"
                },
                "payoutFrequency" : {
                  "id" : "http://wso2jsonschema.org/addStandingInstruction/standingInstructionDTOreq/termDepositDetails/payoutFrequency",
                  "type" : "string"
                },
                "productCode" : {
                  "id" : "http://wso2jsonschema.org/addStandingInstruction/standingInstructionDTOreq/termDepositDetails/productCode",
                  "type" : "string"
                },
                "termDays" : {
                  "id" : "http://wso2jsonschema.org/addStandingInstruction/standingInstructionDTOreq/termDepositDetails/termDays",
                  "type" : "string"
                },
                "termMonths" : {
                  "id" : "http://wso2jsonschema.org/addStandingInstruction/standingInstructionDTOreq/termDepositDetails/termMonths",
                  "type" : "string"
                }
              }
            }
          }
        }
      }
    }
  }
}