<?xml version="1.0" encoding="UTF-8"?><artifacts>
    <artifact name="TransferFundsWithDRCRAmountConfig" groupId="com.example.resource" version="1.0.0" type="registry/resource" serverRole="EnterpriseServiceBus">
        <item>
            <file>TransferFundsWithDRCRAmountConfig.dmc</file>
            <path>/_system/governance/datamapper</path>
            <mediaType>text/plain</mediaType>
            <properties/>
        </item>
    </artifact>
    <artifact name="TransferFundsWithDRCRAmountConfig_inputSchema" groupId="com.example.resource" version="1.0.0" type="registry/resource" serverRole="EnterpriseServiceBus">
        <item>
            <file>TransferFundsWithDRCRAmountConfig_inputSchema.json</file>
            <path>/_system/governance/datamapper</path>
            <mediaType>text/plain</mediaType>
            <properties/>
        </item>
    </artifact>
    <artifact name="TransferFundsWithDRCRAmountConfig_outputSchema" groupId="com.example.resource" version="1.0.0" type="registry/resource" serverRole="EnterpriseServiceBus">
        <item>
            <file>TransferFundsWithDRCRAmountConfig_outputSchema.json</file>
            <path>/_system/governance/datamapper</path>
            <mediaType>text/plain</mediaType>
            <properties/>
        </item>
    </artifact>
    <artifact name="TransferFundsWithDRCRAmountConfig_xsltStyleSheet" groupId="com.example.resource" version="1.0.0" type="registry/resource" serverRole="EnterpriseServiceBus">
        <item>
            <file>TransferFundsWithDRCRAmountConfig_xsltStyleSheet.xml</file>
            <path>/_system/governance/datamapper</path>
            <mediaType>text/plain</mediaType>
            <properties/>
        </item>
    </artifact>
    <artifact name="ActivateDeactivateAccountConfig" groupId="com.example.resource" version="1.0.0" type="registry/resource" serverRole="EnterpriseServiceBus">
        <item>
            <file>ActivateDeactivateAccountConfig.dmc</file>
            <path>/_system/governance/datamapper</path>
            <mediaType>text/plain</mediaType>
            <properties/>
        </item>
    </artifact>
    <artifact name="ActivateDeactivateAccountConfig_inputSchema" groupId="com.example.resource" version="1.0.0" type="registry/resource" serverRole="EnterpriseServiceBus">
        <item>
            <file>ActivateDeactivateAccountConfig_inputSchema.json</file>
            <path>/_system/governance/datamapper</path>
            <mediaType>text/plain</mediaType>
            <properties/>
        </item>
    </artifact>
    <artifact name="ActivateDeactivateAccountConfig_outputSchema" groupId="com.example.resource" version="1.0.0" type="registry/resource" serverRole="EnterpriseServiceBus">
        <item>
            <file>ActivateDeactivateAccountConfig_outputSchema.json</file>
            <path>/_system/governance/datamapper</path>
            <mediaType>text/plain</mediaType>
            <properties/>
        </item>
    </artifact>
    <artifact name="ActivateDeactivateAccountConfig_xsltStyleSheet" groupId="com.example.resource" version="1.0.0" type="registry/resource" serverRole="EnterpriseServiceBus">
        <item>
            <file>ActivateDeactivateAccountConfig_xsltStyleSheet.xml</file>
            <path>/_system/governance/datamapper</path>
            <mediaType>text/plain</mediaType>
            <properties/>
        </item>
    </artifact>
    <artifact name="MisCustDebitWithDRCRAmtDepDtlsConfig" groupId="com.example.resource" version="1.0.0" type="registry/resource" serverRole="EnterpriseServiceBus">
        <item>
            <file>MisCustDebitWithDRCRAmtDepDtlsConfig.dmc</file>
            <path>/_system/governance/datamapper</path>
            <mediaType>text/plain</mediaType>
            <properties/>
        </item>
    </artifact>
    <artifact name="MisCustDebitWithDRCRAmtDepDtlsConfig_inputSchema" groupId="com.example.resource" version="1.0.0" type="registry/resource" serverRole="EnterpriseServiceBus">
        <item>
            <file>MisCustDebitWithDRCRAmtDepDtlsConfig_inputSchema.json</file>
            <path>/_system/governance/datamapper</path>
            <mediaType>text/plain</mediaType>
            <properties/>
        </item>
    </artifact>
    <artifact name="MisCustDebitWithDRCRAmtDepDtlsConfig_outputSchema" groupId="com.example.resource" version="1.0.0" type="registry/resource" serverRole="EnterpriseServiceBus">
        <item>
            <file>MisCustDebitWithDRCRAmtDepDtlsConfig_outputSchema.json</file>
            <path>/_system/governance/datamapper</path>
            <mediaType>text/plain</mediaType>
            <properties/>
        </item>
    </artifact>
    <artifact name="MisCustDebitWithDRCRAmtDepDtlsConfig_xsltStyleSheet" groupId="com.example.resource" version="1.0.0" type="registry/resource" serverRole="EnterpriseServiceBus">
        <item>
            <file>MisCustDebitWithDRCRAmtDepDtlsConfig_xsltStyleSheet.xml</file>
            <path>/_system/governance/datamapper</path>
            <mediaType>text/plain</mediaType>
            <properties/>
        </item>
    </artifact>
    <artifact name="ListCASAAccountDetailsConfig" groupId="com.example.resource" version="1.0.0" type="registry/resource" serverRole="EnterpriseServiceBus">
        <item>
            <file>ListCASAAccountDetailsConfig.dmc</file>
            <path>/_system/governance/datamapper</path>
            <mediaType>text/plain</mediaType>
            <properties/>
        </item>
    </artifact>
    <artifact name="ListCASAAccountDetailsConfig_inputSchema" groupId="com.example.resource" version="1.0.0" type="registry/resource" serverRole="EnterpriseServiceBus">
        <item>
            <file>ListCASAAccountDetailsConfig_inputSchema.json</file>
            <path>/_system/governance/datamapper</path>
            <mediaType>text/plain</mediaType>
            <properties/>
        </item>
    </artifact>
    <artifact name="ListCASAAccountDetailsConfig_outputSchema" groupId="com.example.resource" version="1.0.0" type="registry/resource" serverRole="EnterpriseServiceBus">
        <item>
            <file>ListCASAAccountDetailsConfig_outputSchema.json</file>
            <path>/_system/governance/datamapper</path>
            <mediaType>text/plain</mediaType>
            <properties/>
        </item>
    </artifact>
    <artifact name="ListCASAAccountDetailsConfig_xsltStyleSheet" groupId="com.example.resource" version="1.0.0" type="registry/resource" serverRole="EnterpriseServiceBus">
        <item>
            <file>ListCASAAccountDetailsConfig_xsltStyleSheet.xml</file>
            <path>/_system/governance/datamapper</path>
            <mediaType>text/plain</mediaType>
            <properties/>
        </item>
    </artifact>
    <artifact name="UpdateAccountStatusForCASAConfig" groupId="com.example.resource" version="1.0.0" type="registry/resource" serverRole="EnterpriseServiceBus">
        <item>
            <file>UpdateAccountStatusForCASAConfig.dmc</file>
            <path>/_system/governance/datamapper</path>
            <mediaType>text/plain</mediaType>
            <properties/>
        </item>
    </artifact>
    <artifact name="UpdateAccountStatusForCASAConfig_inputSchema" groupId="com.example.resource" version="1.0.0" type="registry/resource" serverRole="EnterpriseServiceBus">
        <item>
            <file>UpdateAccountStatusForCASAConfig_inputSchema.json</file>
            <path>/_system/governance/datamapper</path>
            <mediaType>text/plain</mediaType>
            <properties/>
        </item>
    </artifact>
    <artifact name="UpdateAccountStatusForCASAConfig_outputSchema" groupId="com.example.resource" version="1.0.0" type="registry/resource" serverRole="EnterpriseServiceBus">
        <item>
            <file>UpdateAccountStatusForCASAConfig_outputSchema.json</file>
            <path>/_system/governance/datamapper</path>
            <mediaType>text/plain</mediaType>
            <properties/>
        </item>
    </artifact>
    <artifact name="UpdateAccountStatusForCASAConfig_xsltStyleSheet" groupId="com.example.resource" version="1.0.0" type="registry/resource" serverRole="EnterpriseServiceBus">
        <item>
            <file>UpdateAccountStatusForCASAConfig_xsltStyleSheet.xml</file>
            <path>/_system/governance/datamapper</path>
            <mediaType>text/plain</mediaType>
            <properties/>
        </item>
    </artifact>
    <artifact name="AddStandingInstructionConfig" groupId="com.example.resource" version="1.0.0" type="registry/resource" serverRole="EnterpriseServiceBus">
        <item>
            <file>AddStandingInstructionConfig.dmc</file>
            <path>/_system/governance/datamapper</path>
            <mediaType>text/plain</mediaType>
            <properties/>
        </item>
    </artifact>
    <artifact name="AddStandingInstructionConfig_inputSchema" groupId="com.example.resource" version="1.0.0" type="registry/resource" serverRole="EnterpriseServiceBus">
        <item>
            <file>AddStandingInstructionConfig_inputSchema.json</file>
            <path>/_system/governance/datamapper</path>
            <mediaType>text/plain</mediaType>
            <properties/>
        </item>
    </artifact>
    <artifact name="AddStandingInstructionConfig_outputSchema" groupId="com.example.resource" version="1.0.0" type="registry/resource" serverRole="EnterpriseServiceBus">
        <item>
            <file>AddStandingInstructionConfig_outputSchema.json</file>
            <path>/_system/governance/datamapper</path>
            <mediaType>text/plain</mediaType>
            <properties/>
        </item>
    </artifact>
    <artifact name="AddStandingInstructionConfig_xsltStyleSheet" groupId="com.example.resource" version="1.0.0" type="registry/resource" serverRole="EnterpriseServiceBus">
        <item>
            <file>AddStandingInstructionConfig_xsltStyleSheet.xml</file>
            <path>/_system/governance/datamapper</path>
            <mediaType>text/plain</mediaType>
            <properties/>
        </item>
    </artifact>
    <artifact name="AddCustomerConfig" groupId="com.example.resource" version="1.0.0" type="registry/resource" serverRole="EnterpriseServiceBus">
        <item>
            <file>AddCustomerConfig.dmc</file>
            <path>/_system/governance/datamapper</path>
            <mediaType>text/plain</mediaType>
            <properties/>
        </item>
    </artifact>
    <artifact name="AddCustomerConfig_inputSchema" groupId="com.example.resource" version="1.0.0" type="registry/resource" serverRole="EnterpriseServiceBus">
        <item>
            <file>AddCustomerConfig_inputSchema.json</file>
            <path>/_system/governance/datamapper</path>
            <mediaType>text/plain</mediaType>
            <properties/>
        </item>
    </artifact>
    <artifact name="AddCustomerConfig_outputSchema" groupId="com.example.resource" version="1.0.0" type="registry/resource" serverRole="EnterpriseServiceBus">
        <item>
            <file>AddCustomerConfig_outputSchema.json</file>
            <path>/_system/governance/datamapper</path>
            <mediaType>text/plain</mediaType>
            <properties/>
        </item>
    </artifact>
    <artifact name="AddCustomerConfig_xsltStyleSheet" groupId="com.example.resource" version="1.0.0" type="registry/resource" serverRole="EnterpriseServiceBus">
        <item>
            <file>AddCustomerConfig_xsltStyleSheet.xml</file>
            <path>/_system/governance/datamapper</path>
            <mediaType>text/plain</mediaType>
            <properties/>
        </item>
    </artifact>
    <artifact name="CreateNewAccountConfig" groupId="com.example.resource" version="1.0.0" type="registry/resource" serverRole="EnterpriseServiceBus">
        <item>
            <file>CreateNewAccountConfig.dmc</file>
            <path>/_system/governance/datamapper</path>
            <mediaType>text/plain</mediaType>
            <properties/>
        </item>
    </artifact>
    <artifact name="CreateNewAccountConfig_inputSchema" groupId="com.example.resource" version="1.0.0" type="registry/resource" serverRole="EnterpriseServiceBus">
        <item>
            <file>CreateNewAccountConfig_inputSchema.json</file>
            <path>/_system/governance/datamapper</path>
            <mediaType>text/plain</mediaType>
            <properties/>
        </item>
    </artifact>
    <artifact name="CreateNewAccountConfig_outputSchema" groupId="com.example.resource" version="1.0.0" type="registry/resource" serverRole="EnterpriseServiceBus">
        <item>
            <file>CreateNewAccountConfig_outputSchema.json</file>
            <path>/_system/governance/datamapper</path>
            <mediaType>text/plain</mediaType>
            <properties/>
        </item>
    </artifact>
    <artifact name="CreateNewAccountConfig_xsltStyleSheet" groupId="com.example.resource" version="1.0.0" type="registry/resource" serverRole="EnterpriseServiceBus">
        <item>
            <file>CreateNewAccountConfig_xsltStyleSheet.xml</file>
            <path>/_system/governance/datamapper</path>
            <mediaType>text/plain</mediaType>
            <properties/>
        </item>
    </artifact>
    <artifact name="DomesticTransferFundsWithDRCRAmountConfig" groupId="com.example.resource" version="1.0.0" type="registry/resource" serverRole="EnterpriseServiceBus">
        <item>
            <file>DomesticTransferFundsWithDRCRAmountConfig.dmc</file>
            <path>/_system/governance/datamapper</path>
            <mediaType>text/plain</mediaType>
            <properties/>
        </item>
    </artifact>
    <artifact name="DomesticTransferFundsWithDRCRAmountConfig_inputSchema" groupId="com.example.resource" version="1.0.0" type="registry/resource" serverRole="EnterpriseServiceBus">
        <item>
            <file>DomesticTransferFundsWithDRCRAmountConfig_inputSchema.json</file>
            <path>/_system/governance/datamapper</path>
            <mediaType>text/plain</mediaType>
            <properties/>
        </item>
    </artifact>
    <artifact name="DomesticTransferFundsWithDRCRAmountConfig_outputSchema" groupId="com.example.resource" version="1.0.0" type="registry/resource" serverRole="EnterpriseServiceBus">
        <item>
            <file>DomesticTransferFundsWithDRCRAmountConfig_outputSchema.json</file>
            <path>/_system/governance/datamapper</path>
            <mediaType>text/plain</mediaType>
            <properties/>
        </item>
    </artifact>
    <artifact name="DomesticTransferFundsWithDRCRAmountConfig_xsltStyleSheet" groupId="com.example.resource" version="1.0.0" type="registry/resource" serverRole="EnterpriseServiceBus">
        <item>
            <file>DomesticTransferFundsWithDRCRAmountConfig_xsltStyleSheet.xml</file>
            <path>/_system/governance/datamapper</path>
            <mediaType>text/plain</mediaType>
            <properties/>
        </item>
    </artifact>
    <artifact name="InquireConfig" groupId="com.example.resource" version="1.0.0" type="registry/resource" serverRole="EnterpriseServiceBus">
        <item>
            <file>InquireConfig.dmc</file>
            <path>/_system/governance/datamapper</path>
            <mediaType>text/plain</mediaType>
            <properties/>
        </item>
    </artifact>
    <artifact name="InquireConfig_inputSchema" groupId="com.example.resource" version="1.0.0" type="registry/resource" serverRole="EnterpriseServiceBus">
        <item>
            <file>InquireConfig_inputSchema.json</file>
            <path>/_system/governance/datamapper</path>
            <mediaType>text/plain</mediaType>
            <properties/>
        </item>
    </artifact>
    <artifact name="InquireConfig_outputSchema" groupId="com.example.resource" version="1.0.0" type="registry/resource" serverRole="EnterpriseServiceBus">
        <item>
            <file>InquireConfig_outputSchema.json</file>
            <path>/_system/governance/datamapper</path>
            <mediaType>text/plain</mediaType>
            <properties/>
        </item>
    </artifact>
    <artifact name="InquireConfig_xsltStyleSheet" groupId="com.example.resource" version="1.0.0" type="registry/resource" serverRole="EnterpriseServiceBus">
        <item>
            <file>InquireConfig_xsltStyleSheet.xml</file>
            <path>/_system/governance/datamapper</path>
            <mediaType>text/plain</mediaType>
            <properties/>
        </item>
    </artifact>
    <artifact name="InquireForMaintenanceConfig" groupId="com.example.resource" version="1.0.0" type="registry/resource" serverRole="EnterpriseServiceBus">
        <item>
            <file>InquireForMaintenanceConfig.dmc</file>
            <path>/_system/governance/datamapper</path>
            <mediaType>text/plain</mediaType>
            <properties/>
        </item>
    </artifact>
    <artifact name="InquireForMaintenanceConfig_inputSchema" groupId="com.example.resource" version="1.0.0" type="registry/resource" serverRole="EnterpriseServiceBus">
        <item>
            <file>InquireForMaintenanceConfig_inputSchema.json</file>
            <path>/_system/governance/datamapper</path>
            <mediaType>text/plain</mediaType>
            <properties/>
        </item>
    </artifact>
    <artifact name="InquireForMaintenanceConfig_outputSchema" groupId="com.example.resource" version="1.0.0" type="registry/resource" serverRole="EnterpriseServiceBus">
        <item>
            <file>InquireForMaintenanceConfig_outputSchema.json</file>
            <path>/_system/governance/datamapper</path>
            <mediaType>text/plain</mediaType>
            <properties/>
        </item>
    </artifact>
    <artifact name="InquireForMaintenanceConfig_xsltStyleSheet" groupId="com.example.resource" version="1.0.0" type="registry/resource" serverRole="EnterpriseServiceBus">
        <item>
            <file>InquireForMaintenanceConfig_xsltStyleSheet.xml</file>
            <path>/_system/governance/datamapper</path>
            <mediaType>text/plain</mediaType>
            <properties/>
        </item>
    </artifact>
    <artifact name="ModifyStandingInstructionConfig" groupId="com.example.resource" version="1.0.0" type="registry/resource" serverRole="EnterpriseServiceBus">
        <item>
            <file>ModifyStandingInstructionConfig.dmc</file>
            <path>/_system/governance/datamapper</path>
            <mediaType>text/plain</mediaType>
            <properties/>
        </item>
    </artifact>
    <artifact name="ModifyStandingInstructionConfig_inputSchema" groupId="com.example.resource" version="1.0.0" type="registry/resource" serverRole="EnterpriseServiceBus">
        <item>
            <file>ModifyStandingInstructionConfig_inputSchema.json</file>
            <path>/_system/governance/datamapper</path>
            <mediaType>text/plain</mediaType>
            <properties/>
        </item>
    </artifact>
    <artifact name="ModifyStandingInstructionConfig_outputSchema" groupId="com.example.resource" version="1.0.0" type="registry/resource" serverRole="EnterpriseServiceBus">
        <item>
            <file>ModifyStandingInstructionConfig_outputSchema.json</file>
            <path>/_system/governance/datamapper</path>
            <mediaType>text/plain</mediaType>
            <properties/>
        </item>
    </artifact>
    <artifact name="ModifyStandingInstructionConfig_xsltStyleSheet" groupId="com.example.resource" version="1.0.0" type="registry/resource" serverRole="EnterpriseServiceBus">
        <item>
            <file>ModifyStandingInstructionConfig_xsltStyleSheet.xml</file>
            <path>/_system/governance/datamapper</path>
            <mediaType>text/plain</mediaType>
            <properties/>
        </item>
    </artifact>
    <artifact name="PayUtilityBillByAccountConfig" groupId="com.example.resource" version="1.0.0" type="registry/resource" serverRole="EnterpriseServiceBus">
        <item>
            <file>PayUtilityBillByAccountConfig.dmc</file>
            <path>/_system/governance/datamapper</path>
            <mediaType>text/plain</mediaType>
            <properties/>
        </item>
    </artifact>
    <artifact name="PayUtilityBillByAccountConfig_inputSchema" groupId="com.example.resource" version="1.0.0" type="registry/resource" serverRole="EnterpriseServiceBus">
        <item>
            <file>PayUtilityBillByAccountConfig_inputSchema.json</file>
            <path>/_system/governance/datamapper</path>
            <mediaType>text/plain</mediaType>
            <properties/>
        </item>
    </artifact>
    <artifact name="PayUtilityBillByAccountConfig_outputSchema" groupId="com.example.resource" version="1.0.0" type="registry/resource" serverRole="EnterpriseServiceBus">
        <item>
            <file>PayUtilityBillByAccountConfig_outputSchema.json</file>
            <path>/_system/governance/datamapper</path>
            <mediaType>text/plain</mediaType>
            <properties/>
        </item>
    </artifact>
    <artifact name="PayUtilityBillByAccountConfig_xsltStyleSheet" groupId="com.example.resource" version="1.0.0" type="registry/resource" serverRole="EnterpriseServiceBus">
        <item>
            <file>PayUtilityBillByAccountConfig_xsltStyleSheet.xml</file>
            <path>/_system/governance/datamapper</path>
            <mediaType>text/plain</mediaType>
            <properties/>
        </item>
    </artifact>
    <artifact name="InquireListOfTransactionConfig" groupId="com.example.resource" version="1.0.0" type="registry/resource" serverRole="EnterpriseServiceBus">
        <item>
            <file>InquireListOfTransactionConfig.dmc</file>
            <path>/_system/governance/datamapper</path>
            <mediaType>text/plain</mediaType>
            <properties/>
        </item>
    </artifact>
    <artifact name="InquireListOfTransactionConfig_inputSchema" groupId="com.example.resource" version="1.0.0" type="registry/resource" serverRole="EnterpriseServiceBus">
        <item>
            <file>InquireListOfTransactionConfig_inputSchema.json</file>
            <path>/_system/governance/datamapper</path>
            <mediaType>text/plain</mediaType>
            <properties/>
        </item>
    </artifact>
    <artifact name="InquireListOfTransactionConfig_outputSchema" groupId="com.example.resource" version="1.0.0" type="registry/resource" serverRole="EnterpriseServiceBus">
        <item>
            <file>InquireListOfTransactionConfig_outputSchema.json</file>
            <path>/_system/governance/datamapper</path>
            <mediaType>text/plain</mediaType>
            <properties/>
        </item>
    </artifact>
    <artifact name="InquireListOfTransactionConfig_xsltStyleSheet" groupId="com.example.resource" version="1.0.0" type="registry/resource" serverRole="EnterpriseServiceBus">
        <item>
            <file>InquireListOfTransactionConfig_xsltStyleSheet.xml</file>
            <path>/_system/governance/datamapper</path>
            <mediaType>text/plain</mediaType>
            <properties/>
        </item>
    </artifact>
    <artifact name="ConvertAmountWithFromToCurrencyConfig" groupId="com.example.resource" version="1.0.0" type="registry/resource" serverRole="EnterpriseServiceBus">
        <item>
            <file>ConvertAmountWithFromToCurrencyConfig.dmc</file>
            <path>/_system/governance/datamapper</path>
            <mediaType>text/plain</mediaType>
            <properties/>
        </item>
    </artifact>
    <artifact name="ConvertAmountWithFromToCurrencyConfig_inputSchema" groupId="com.example.resource" version="1.0.0" type="registry/resource" serverRole="EnterpriseServiceBus">
        <item>
            <file>ConvertAmountWithFromToCurrencyConfig_inputSchema.json</file>
            <path>/_system/governance/datamapper</path>
            <mediaType>text/plain</mediaType>
            <properties/>
        </item>
    </artifact>
    <artifact name="ConvertAmountWithFromToCurrencyConfig_outputSchema" groupId="com.example.resource" version="1.0.0" type="registry/resource" serverRole="EnterpriseServiceBus">
        <item>
            <file>ConvertAmountWithFromToCurrencyConfig_outputSchema.json</file>
            <path>/_system/governance/datamapper</path>
            <mediaType>text/plain</mediaType>
            <properties/>
        </item>
    </artifact>
    <artifact name="ConvertAmountWithFromToCurrencyConfig_xsltStyleSheet" groupId="com.example.resource" version="1.0.0" type="registry/resource" serverRole="EnterpriseServiceBus">
        <item>
            <file>ConvertAmountWithFromToCurrencyConfig_xsltStyleSheet.xml</file>
            <path>/_system/governance/datamapper</path>
            <mediaType>text/plain</mediaType>
            <properties/>
        </item>
    </artifact>
    <artifact name="PayUtilityBillByAccountTIPSConfig" groupId="com.example.resource" version="1.0.0" type="registry/resource" serverRole="EnterpriseServiceBus">
        <item>
            <file>PayUtilityBillByAccountTIPSConfig.dmc</file>
            <path>/_system/governance/datamapper</path>
            <mediaType>text/plain</mediaType>
            <properties/>
        </item>
    </artifact>
    <artifact name="PayUtilityBillByAccountTIPSConfig_inputSchema" groupId="com.example.resource" version="1.0.0" type="registry/resource" serverRole="EnterpriseServiceBus">
        <item>
            <file>PayUtilityBillByAccountTIPSConfig_inputSchema.json</file>
            <path>/_system/governance/datamapper</path>
            <mediaType>text/plain</mediaType>
            <properties/>
        </item>
    </artifact>
    <artifact name="PayUtilityBillByAccountTIPSConfig_outputSchema" groupId="com.example.resource" version="1.0.0" type="registry/resource" serverRole="EnterpriseServiceBus">
        <item>
            <file>PayUtilityBillByAccountTIPSConfig_outputSchema.json</file>
            <path>/_system/governance/datamapper</path>
            <mediaType>text/plain</mediaType>
            <properties/>
        </item>
    </artifact>
    <artifact name="PayUtilityBillByAccountTIPSConfig_xsltStyleSheet" groupId="com.example.resource" version="1.0.0" type="registry/resource" serverRole="EnterpriseServiceBus">
        <item>
            <file>PayUtilityBillByAccountTIPSConfig_xsltStyleSheet.xml</file>
            <path>/_system/governance/datamapper</path>
            <mediaType>text/plain</mediaType>
            <properties/>
        </item>
    </artifact>
    <artifact name="InquireBillWalletRtgsTxnsConfig" groupId="com.example.resource" version="1.0.0" type="registry/resource" serverRole="EnterpriseServiceBus">
        <item>
            <file>InquireBillWalletRtgsTxnsConfig.dmc</file>
            <path>/_system/governance/datamapper</path>
            <mediaType>text/plain</mediaType>
            <properties/>
        </item>
    </artifact>
    <artifact name="InquireBillWalletRtgsTxnsConfig_inputSchema" groupId="com.example.resource" version="1.0.0" type="registry/resource" serverRole="EnterpriseServiceBus">
        <item>
            <file>InquireBillWalletRtgsTxnsConfig_inputSchema.json</file>
            <path>/_system/governance/datamapper</path>
            <mediaType>text/plain</mediaType>
            <properties/>
        </item>
    </artifact>
    <artifact name="InquireBillWalletRtgsTxnsConfig_outputSchema" groupId="com.example.resource" version="1.0.0" type="registry/resource" serverRole="EnterpriseServiceBus">
        <item>
            <file>InquireBillWalletRtgsTxnsConfig_outputSchema.json</file>
            <path>/_system/governance/datamapper</path>
            <mediaType>text/plain</mediaType>
            <properties/>
        </item>
    </artifact>
    <artifact name="InquireBillWalletRtgsTxnsConfig_xsltStyleSheet" groupId="com.example.resource" version="1.0.0" type="registry/resource" serverRole="EnterpriseServiceBus">
        <item>
            <file>InquireBillWalletRtgsTxnsConfig_xsltStyleSheet.xml</file>
            <path>/_system/governance/datamapper</path>
            <mediaType>text/plain</mediaType>
            <properties/>
        </item>
    </artifact>
    <artifact name="RequestChequeBookConfig" groupId="com.example.resource" version="1.0.0" type="registry/resource" serverRole="EnterpriseServiceBus">
        <item>
            <file>RequestChequeBookConfig.dmc</file>
            <path>/_system/governance/datamapper</path>
            <mediaType>text/plain</mediaType>
            <properties/>
        </item>
    </artifact>
    <artifact name="RequestChequeBookConfig_inputSchema" groupId="com.example.resource" version="1.0.0" type="registry/resource" serverRole="EnterpriseServiceBus">
        <item>
            <file>RequestChequeBookConfig_inputSchema.json</file>
            <path>/_system/governance/datamapper</path>
            <mediaType>text/plain</mediaType>
            <properties/>
        </item>
    </artifact>
    <artifact name="RequestChequeBookConfig_outputSchema" groupId="com.example.resource" version="1.0.0" type="registry/resource" serverRole="EnterpriseServiceBus">
        <item>
            <file>RequestChequeBookConfig_outputSchema.json</file>
            <path>/_system/governance/datamapper</path>
            <mediaType>text/plain</mediaType>
            <properties/>
        </item>
    </artifact>
    <artifact name="RequestChequeBookConfig_xsltStyleSheet" groupId="com.example.resource" version="1.0.0" type="registry/resource" serverRole="EnterpriseServiceBus">
        <item>
            <file>RequestChequeBookConfig_xsltStyleSheet.xml</file>
            <path>/_system/governance/datamapper</path>
            <mediaType>text/plain</mediaType>
            <properties/>
        </item>
    </artifact>
    <artifact name="DeleteStandingInstructionConfig" groupId="com.example.resource" version="1.0.0" type="registry/resource" serverRole="EnterpriseServiceBus">
        <item>
            <file>DeleteStandingInstructionConfig.dmc</file>
            <path>/_system/governance/datamapper</path>
            <mediaType>text/plain</mediaType>
            <properties/>
        </item>
    </artifact>
    <artifact name="DeleteStandingInstructionConfig_inputSchema" groupId="com.example.resource" version="1.0.0" type="registry/resource" serverRole="EnterpriseServiceBus">
        <item>
            <file>DeleteStandingInstructionConfig_inputSchema.json</file>
            <path>/_system/governance/datamapper</path>
            <mediaType>text/plain</mediaType>
            <properties/>
        </item>
    </artifact>
    <artifact name="DeleteStandingInstructionConfig_outputSchema" groupId="com.example.resource" version="1.0.0" type="registry/resource" serverRole="EnterpriseServiceBus">
        <item>
            <file>DeleteStandingInstructionConfig_outputSchema.json</file>
            <path>/_system/governance/datamapper</path>
            <mediaType>text/plain</mediaType>
            <properties/>
        </item>
    </artifact>
    <artifact name="DeleteStandingInstructionConfig_xsltStyleSheet" groupId="com.example.resource" version="1.0.0" type="registry/resource" serverRole="EnterpriseServiceBus">
        <item>
            <file>DeleteStandingInstructionConfig_xsltStyleSheet.xml</file>
            <path>/_system/governance/datamapper</path>
            <mediaType>text/plain</mediaType>
            <properties/>
        </item>
    </artifact>
</artifacts>
