{
  "$schema" : "http://wso2.org/json-schema/wso2-data-mapper-v5.0.0/schema#",
  "outputType" : "XML",
  "id" : "http://wso2jsonschema.org",
  "title" : "soapenv:Envelope",
  "type" : "object",
  "properties" : {
    "soapenv:Header" : {
      "id" : "http://wso2jsonschema.org/soapenv:Header",
      "type" : "string"
    },
    "soapenv:Body" : {
      "id" : "http://wso2jsonschema.org/soapenv:Body",
      "type" : "object",
      "properties" : {
        "spi:domesticTransferFundsWithDRCRAmount" : {
          "id" : "http://wso2jsonschema.org/soapenv:Body/spi:domesticTransferFundsWithDRCRAmount",
          "type" : "object",
          "properties" : {
            "spi:sessionContext" : {
              "id" : "http://wso2jsonschema.org/soapenv:Body/spi:domesticTransferFundsWithDRCRAmount/spi:sessionContext",
              "type" : "object",
              "properties" : {
                "con:bankCode" : {
                  "id" : "http://wso2jsonschema.org/soapenv:Body/spi:domesticTransferFundsWithDRCRAmount/spi:sessionContext/con:bankCode",
                  "type" : "string"
                },
                "con:channel" : {
                  "id" : "http://wso2jsonschema.org/soapenv:Body/spi:domesticTransferFundsWithDRCRAmount/spi:sessionContext/con:channel",
                  "type" : "string"
                },
                "con:externalBatchNumber" : {
                  "id" : "http://wso2jsonschema.org/soapenv:Body/spi:domesticTransferFundsWithDRCRAmount/spi:sessionContext/con:externalBatchNumber",
                  "type" : "string"
                },
                "con:externalReferenceNo" : {
                  "id" : "http://wso2jsonschema.org/soapenv:Body/spi:domesticTransferFundsWithDRCRAmount/spi:sessionContext/con:externalReferenceNo",
                  "type" : "string"
                },
                "con:externalSystemAuditTrailNumber" : {
                  "id" : "http://wso2jsonschema.org/soapenv:Body/spi:domesticTransferFundsWithDRCRAmount/spi:sessionContext/con:externalSystemAuditTrailNumber",
                  "type" : "string"
                },
                "con:localDateTimeText" : {
                  "id" : "http://wso2jsonschema.org/soapenv:Body/spi:domesticTransferFundsWithDRCRAmount/spi:sessionContext/con:localDateTimeText",
                  "type" : "string"
                },
                "con:originalReferenceNo" : {
                  "id" : "http://wso2jsonschema.org/soapenv:Body/spi:domesticTransferFundsWithDRCRAmount/spi:sessionContext/con:originalReferenceNo",
                  "type" : "string"
                },
                "con:overridenWarnings" : {
                  "id" : "http://wso2jsonschema.org/soapenv:Body/spi:domesticTransferFundsWithDRCRAmount/spi:sessionContext/con:overridenWarnings",
                  "type" : "string"
                },
                "con:postingDateText" : {
                  "id" : "http://wso2jsonschema.org/soapenv:Body/spi:domesticTransferFundsWithDRCRAmount/spi:sessionContext/con:postingDateText",
                  "type" : "string"
                },
                "con:reason" : {
                  "id" : "http://wso2jsonschema.org/soapenv:Body/spi:domesticTransferFundsWithDRCRAmount/spi:sessionContext/con:reason",
                  "type" : "object",
                  "properties" : {
                    "con:comment" : {
                      "id" : "http://wso2jsonschema.org/soapenv:Body/spi:domesticTransferFundsWithDRCRAmount/spi:sessionContext/con:reason/con:comment",
                      "type" : "string"
                    },
                    "con:reasonCode" : {
                      "id" : "http://wso2jsonschema.org/soapenv:Body/spi:domesticTransferFundsWithDRCRAmount/spi:sessionContext/con:reason/con:reasonCode",
                      "type" : "string"
                    }
                  }
                },
                "con:serviceCode" : {
                  "id" : "http://wso2jsonschema.org/soapenv:Body/spi:domesticTransferFundsWithDRCRAmount/spi:sessionContext/con:serviceCode",
                  "type" : "string"
                },
                "con:sessionTicket" : {
                  "id" : "http://wso2jsonschema.org/soapenv:Body/spi:domesticTransferFundsWithDRCRAmount/spi:sessionContext/con:sessionTicket",
                  "type" : "string"
                },
                "con:supervisorContext" : {
                  "id" : "http://wso2jsonschema.org/soapenv:Body/spi:domesticTransferFundsWithDRCRAmount/spi:sessionContext/con:supervisorContext",
                  "type" : "object",
                  "properties" : {
                    "con:primaryPassword" : {
                      "id" : "http://wso2jsonschema.org/soapenv:Body/spi:domesticTransferFundsWithDRCRAmount/spi:sessionContext/con:supervisorContext/con:primaryPassword",
                      "type" : "string"
                    },
                    "con:userId" : {
                      "id" : "http://wso2jsonschema.org/soapenv:Body/spi:domesticTransferFundsWithDRCRAmount/spi:sessionContext/con:supervisorContext/con:userId",
                      "type" : "string"
                    }
                  }
                },
                "con:transactionBranch" : {
                  "id" : "http://wso2jsonschema.org/soapenv:Body/spi:domesticTransferFundsWithDRCRAmount/spi:sessionContext/con:transactionBranch",
                  "type" : "string"
                },
                "con:userId" : {
                  "id" : "http://wso2jsonschema.org/soapenv:Body/spi:domesticTransferFundsWithDRCRAmount/spi:sessionContext/con:userId",
                  "type" : "string"
                },
                "con:userReferenceNumber" : {
                  "id" : "http://wso2jsonschema.org/soapenv:Body/spi:domesticTransferFundsWithDRCRAmount/spi:sessionContext/con:userReferenceNumber",
                  "type" : "string"
                },
                "con:valueDateText" : {
                  "id" : "http://wso2jsonschema.org/soapenv:Body/spi:domesticTransferFundsWithDRCRAmount/spi:sessionContext/con:valueDateText",
                  "type" : "string"
                }
              }
            },
            "spi:flgAcctType" : {
              "id" : "http://wso2jsonschema.org/soapenv:Body/spi:domesticTransferFundsWithDRCRAmount/spi:flgAcctType",
              "type" : "string"
            },
            "spi:fromAccountId" : {
              "id" : "http://wso2jsonschema.org/soapenv:Body/spi:domesticTransferFundsWithDRCRAmount/spi:fromAccountId",
              "type" : "string"
            },
            "spi:fromGLAcctCcy" : {
              "id" : "http://wso2jsonschema.org/soapenv:Body/spi:domesticTransferFundsWithDRCRAmount/spi:fromGLAcctCcy",
              "type" : "string"
            },
            "spi:fromGLAcctBranchCode" : {
              "id" : "http://wso2jsonschema.org/soapenv:Body/spi:domesticTransferFundsWithDRCRAmount/spi:fromGLAcctBranchCode",
              "type" : "string"
            },
            "spi:amountInFromAccountCurrency" : {
              "id" : "http://wso2jsonschema.org/soapenv:Body/spi:domesticTransferFundsWithDRCRAmount/spi:amountInFromAccountCurrency",
              "type" : "string"
            },
            "spi:amountInToAccountCurrency" : {
              "id" : "http://wso2jsonschema.org/soapenv:Body/spi:domesticTransferFundsWithDRCRAmount/spi:amountInToAccountCurrency",
              "type" : "string"
            },
            "spi:narrative" : {
              "id" : "http://wso2jsonschema.org/soapenv:Body/spi:domesticTransferFundsWithDRCRAmount/spi:narrative",
              "type" : "string"
            },
            "spi:beneficiaryDetails" : {
              "id" : "http://wso2jsonschema.org/soapenv:Body/spi:domesticTransferFundsWithDRCRAmount/spi:beneficiaryDetails",
              "type" : "object",
              "properties" : {
                "dto:accountCurrencyCode" : {
                  "id" : "http://wso2jsonschema.org/soapenv:Body/spi:domesticTransferFundsWithDRCRAmount/spi:beneficiaryDetails/dto:accountCurrencyCode",
                  "type" : "string"
                },
                "dto:accountNo" : {
                  "id" : "http://wso2jsonschema.org/soapenv:Body/spi:domesticTransferFundsWithDRCRAmount/spi:beneficiaryDetails/dto:accountNo",
                  "type" : "string"
                },
                "dto:additionalInfo1" : {
                  "id" : "http://wso2jsonschema.org/soapenv:Body/spi:domesticTransferFundsWithDRCRAmount/spi:beneficiaryDetails/dto:additionalInfo1",
                  "type" : "string"
                },
                "dto:additionalInfo2" : {
                  "id" : "http://wso2jsonschema.org/soapenv:Body/spi:domesticTransferFundsWithDRCRAmount/spi:beneficiaryDetails/dto:additionalInfo2",
                  "type" : "string"
                },
                "dto:bankCode" : {
                  "id" : "http://wso2jsonschema.org/soapenv:Body/spi:domesticTransferFundsWithDRCRAmount/spi:beneficiaryDetails/dto:bankCode",
                  "type" : "string"
                },
                "dto:beneficiaryAddress" : {
                  "id" : "http://wso2jsonschema.org/soapenv:Body/spi:domesticTransferFundsWithDRCRAmount/spi:beneficiaryDetails/dto:beneficiaryAddress",
                  "type" : "object",
                  "properties" : {
                    "dat:city" : {
                      "id" : "http://wso2jsonschema.org/soapenv:Body/spi:domesticTransferFundsWithDRCRAmount/spi:beneficiaryDetails/dto:beneficiaryAddress/dat:city",
                      "type" : "string"
                    },
                    "dat:country" : {
                      "id" : "http://wso2jsonschema.org/soapenv:Body/spi:domesticTransferFundsWithDRCRAmount/spi:beneficiaryDetails/dto:beneficiaryAddress/dat:country",
                      "type" : "string"
                    },
                    "dat:line1" : {
                      "id" : "http://wso2jsonschema.org/soapenv:Body/spi:domesticTransferFundsWithDRCRAmount/spi:beneficiaryDetails/dto:beneficiaryAddress/dat:line1",
                      "type" : "string"
                    },
                    "dat:line2" : {
                      "id" : "http://wso2jsonschema.org/soapenv:Body/spi:domesticTransferFundsWithDRCRAmount/spi:beneficiaryDetails/dto:beneficiaryAddress/dat:line2",
                      "type" : "string"
                    },
                    "dat:line3" : {
                      "id" : "http://wso2jsonschema.org/soapenv:Body/spi:domesticTransferFundsWithDRCRAmount/spi:beneficiaryDetails/dto:beneficiaryAddress/dat:line3",
                      "type" : "string"
                    },
                    "dat:state" : {
                      "id" : "http://wso2jsonschema.org/soapenv:Body/spi:domesticTransferFundsWithDRCRAmount/spi:beneficiaryDetails/dto:beneficiaryAddress/dat:state",
                      "type" : "string"
                    },
                    "dat:zip" : {
                      "id" : "http://wso2jsonschema.org/soapenv:Body/spi:domesticTransferFundsWithDRCRAmount/spi:beneficiaryDetails/dto:beneficiaryAddress/dat:zip",
                      "type" : "string"
                    }
                  }
                },
                "dto:beneficiaryId" : {
                  "id" : "http://wso2jsonschema.org/soapenv:Body/spi:domesticTransferFundsWithDRCRAmount/spi:beneficiaryDetails/dto:beneficiaryId",
                  "type" : "string"
                },
                "dto:beneficiaryName" : {
                  "id" : "http://wso2jsonschema.org/soapenv:Body/spi:domesticTransferFundsWithDRCRAmount/spi:beneficiaryDetails/dto:beneficiaryName",
                  "type" : "string"
                },
                "dto:branchCode" : {
                  "id" : "http://wso2jsonschema.org/soapenv:Body/spi:domesticTransferFundsWithDRCRAmount/spi:beneficiaryDetails/dto:branchCode",
                  "type" : "string"
                },
                "dto:benefBankName" : {
                  "id" : "http://wso2jsonschema.org/soapenv:Body/spi:domesticTransferFundsWithDRCRAmount/spi:beneficiaryDetails/dto:benefBankName",
                  "type" : "string"
                },
                "dto:benefBranchName" : {
                  "id" : "http://wso2jsonschema.org/soapenv:Body/spi:domesticTransferFundsWithDRCRAmount/spi:beneficiaryDetails/dto:benefBranchName",
                  "type" : "string"
                }
              }
            },
            "spi:dealNumber" : {
              "id" : "http://wso2jsonschema.org/soapenv:Body/spi:domesticTransferFundsWithDRCRAmount/spi:dealNumber",
              "type" : "string"
            },
            "spi:isRealTimeTransfer" : {
              "id" : "http://wso2jsonschema.org/soapenv:Body/spi:domesticTransferFundsWithDRCRAmount/spi:isRealTimeTransfer",
              "type" : "string"
            },
            "spi:isServiceChargeApplicable" : {
              "id" : "http://wso2jsonschema.org/soapenv:Body/spi:domesticTransferFundsWithDRCRAmount/spi:isServiceChargeApplicable",
              "type" : "string"
            },
            "spi:txnMessageType" : {
              "id" : "http://wso2jsonschema.org/soapenv:Body/spi:domesticTransferFundsWithDRCRAmount/spi:txnMessageType",
              "type" : "string"
            },
            "spi:flgTransactionAuthorised" : {
              "id" : "http://wso2jsonschema.org/soapenv:Body/spi:domesticTransferFundsWithDRCRAmount/spi:flgTransactionAuthorised",
              "type" : "string"
            },
            "spi:extendedReferenceNo" : {
              "id" : "http://wso2jsonschema.org/soapenv:Body/spi:domesticTransferFundsWithDRCRAmount/spi:extendedReferenceNo",
              "type" : "object",
              "properties" : {
                "extRefNo1" : {
                  "id" : "http://wso2jsonschema.org/soapenv:Body/spi:domesticTransferFundsWithDRCRAmount/spi:extendedReferenceNo/extRefNo1",
                  "type" : "string"
                },
                "dto:extRefNo2" : {
                  "id" : "http://wso2jsonschema.org/soapenv:Body/spi:domesticTransferFundsWithDRCRAmount/spi:extendedReferenceNo/dto:extRefNo2",
                  "type" : "string"
                },
                "dto:extRefNo3" : {
                  "id" : "http://wso2jsonschema.org/soapenv:Body/spi:domesticTransferFundsWithDRCRAmount/spi:extendedReferenceNo/dto:extRefNo3",
                  "type" : "string"
                },
                "dto:extRefNo4" : {
                  "id" : "http://wso2jsonschema.org/soapenv:Body/spi:domesticTransferFundsWithDRCRAmount/spi:extendedReferenceNo/dto:extRefNo4",
                  "type" : "string"
                },
                "dto:refCustomerNo" : {
                  "id" : "http://wso2jsonschema.org/soapenv:Body/spi:domesticTransferFundsWithDRCRAmount/spi:extendedReferenceNo/dto:refCustomerNo",
                  "type" : "string"
                }
              }
            }
          }
        }
      }
    }
  },
  "namespaces" : [ {
    "prefix" : "soapenv",
    "url" : "http://schemas.xmlsoap.org/soap/envelope/"
  }, {
    "prefix" : "spi",
    "url" : "http://spi.savings.deposit.app.fcr.iflex.com"
  }, {
    "prefix" : "con",
    "url" : "http://context.app.fcr.iflex.com"
  }, {
    "prefix" : "dto",
    "url" : "http://dto.savings.deposit.app.fcr.iflex.com"
  }, {
    "prefix" : "dat",
    "url" : "http://datatype.fcr.iflex.com"
  } ]
}