{
  "$schema" : "http://wso2.org/json-schema/wso2-data-mapper-v5.0.0/schema#",
  "outputType" : "XML",
  "id" : "http://wso2jsonschema.org",
  "title" : "soapenv:Envelope",
  "type" : "object",
  "properties" : {
    "soapenv:Header" : {
      "id" : "http://wso2jsonschema.org/soapenv:Header",
      "type" : "string"
    },
    "soapenv:Body" : {
      "id" : "http://wso2jsonschema.org/soapenv:Body",
      "type" : "object",
      "properties" : {
        "spi:listCASAAccountDetails" : {
          "id" : "http://wso2jsonschema.org/soapenv:Body/spi:listCASAAccountDetails",
          "type" : "object",
          "properties" : {
            "spi:sessionContext" : {
              "id" : "http://wso2jsonschema.org/soapenv:Body/spi:listCASAAccountDetails/spi:sessionContext",
              "type" : "object",
              "properties" : {
                "con:bankCode" : {
                  "id" : "http://wso2jsonschema.org/soapenv:Body/spi:listCASAAccountDetails/spi:sessionContext/con:bankCode",
                  "type" : "string"
                },
                "con:channel" : {
                  "id" : "http://wso2jsonschema.org/soapenv:Body/spi:listCASAAccountDetails/spi:sessionContext/con:channel",
                  "type" : "string"
                },
                "con:externalBatchNumber" : {
                  "id" : "http://wso2jsonschema.org/soapenv:Body/spi:listCASAAccountDetails/spi:sessionContext/con:externalBatchNumber",
                  "type" : "string"
                },
                "con:externalReferenceNo" : {
                  "id" : "http://wso2jsonschema.org/soapenv:Body/spi:listCASAAccountDetails/spi:sessionContext/con:externalReferenceNo",
                  "type" : "string"
                },
                "con:externalSystemAuditTrailNumber" : {
                  "id" : "http://wso2jsonschema.org/soapenv:Body/spi:listCASAAccountDetails/spi:sessionContext/con:externalSystemAuditTrailNumber",
                  "type" : "string"
                },
                "con:localDateTimeText" : {
                  "id" : "http://wso2jsonschema.org/soapenv:Body/spi:listCASAAccountDetails/spi:sessionContext/con:localDateTimeText",
                  "type" : "string"
                },
                "con:originalReferenceNo" : {
                  "id" : "http://wso2jsonschema.org/soapenv:Body/spi:listCASAAccountDetails/spi:sessionContext/con:originalReferenceNo",
                  "type" : "string"
                },
                "con:overridenWarnings" : {
                  "id" : "http://wso2jsonschema.org/soapenv:Body/spi:listCASAAccountDetails/spi:sessionContext/con:overridenWarnings",
                  "type" : "string"
                },
                "con:postingDateText" : {
                  "id" : "http://wso2jsonschema.org/soapenv:Body/spi:listCASAAccountDetails/spi:sessionContext/con:postingDateText",
                  "type" : "string"
                },
                "con:reason" : {
                  "id" : "http://wso2jsonschema.org/soapenv:Body/spi:listCASAAccountDetails/spi:sessionContext/con:reason",
                  "type" : "object",
                  "properties" : {
                    "con:comment" : {
                      "id" : "http://wso2jsonschema.org/soapenv:Body/spi:listCASAAccountDetails/spi:sessionContext/con:reason/con:comment",
                      "type" : "string"
                    },
                    "con:reasonCode" : {
                      "id" : "http://wso2jsonschema.org/soapenv:Body/spi:listCASAAccountDetails/spi:sessionContext/con:reason/con:reasonCode",
                      "type" : "string"
                    }
                  }
                },
                "con:serviceCode" : {
                  "id" : "http://wso2jsonschema.org/soapenv:Body/spi:listCASAAccountDetails/spi:sessionContext/con:serviceCode",
                  "type" : "string"
                },
                "con:sessionTicket" : {
                  "id" : "http://wso2jsonschema.org/soapenv:Body/spi:listCASAAccountDetails/spi:sessionContext/con:sessionTicket",
                  "type" : "string"
                },
                "con:supervisorContext" : {
                  "id" : "http://wso2jsonschema.org/soapenv:Body/spi:listCASAAccountDetails/spi:sessionContext/con:supervisorContext",
                  "type" : "object",
                  "properties" : {
                    "con:primaryPassword" : {
                      "id" : "http://wso2jsonschema.org/soapenv:Body/spi:listCASAAccountDetails/spi:sessionContext/con:supervisorContext/con:primaryPassword",
                      "type" : "string"
                    },
                    "con:userId" : {
                      "id" : "http://wso2jsonschema.org/soapenv:Body/spi:listCASAAccountDetails/spi:sessionContext/con:supervisorContext/con:userId",
                      "type" : "string"
                    }
                  }
                },
                "con:transactionBranch" : {
                  "id" : "http://wso2jsonschema.org/soapenv:Body/spi:listCASAAccountDetails/spi:sessionContext/con:transactionBranch",
                  "type" : "string"
                },
                "con:userId" : {
                  "id" : "http://wso2jsonschema.org/soapenv:Body/spi:listCASAAccountDetails/spi:sessionContext/con:userId",
                  "type" : "string"
                },
                "con:userReferenceNumber" : {
                  "id" : "http://wso2jsonschema.org/soapenv:Body/spi:listCASAAccountDetails/spi:sessionContext/con:userReferenceNumber",
                  "type" : "string"
                },
                "con:valueDateText" : {
                  "id" : "http://wso2jsonschema.org/soapenv:Body/spi:listCASAAccountDetails/spi:sessionContext/con:valueDateText",
                  "type" : "string"
                }
              }
            },
            "spi:casaAccountDetailsRequest" : {
              "id" : "http://wso2jsonschema.org/soapenv:Body/spi:listCASAAccountDetails/spi:casaAccountDetailsRequest",
              "type" : "object",
              "properties" : {
                "dto:accountID" : {
                  "id" : "http://wso2jsonschema.org/soapenv:Body/spi:listCASAAccountDetails/spi:casaAccountDetailsRequest/dto:accountID",
                  "type" : "object",
                  "properties" : {
                    "spi:item" : {
                      "id" : "http://wso2jsonschema.org/soapenv:Body/spi:listCASAAccountDetails/spi:casaAccountDetailsRequest/dto:accountID/spi:item",
                      "type" : "array",
                      "items" : [ {
                        "id" : "http://wso2jsonschema.org/soapenv:Body/spi:listCASAAccountDetails/spi:casaAccountDetailsRequest/dto:accountID/spi:item/0",
                        "type" : "number",
                        "properties" : {
                          "__" : {
                            "id" : "http://wso2jsonschema.org/soapenv:Body/spi:listCASAAccountDetails/spi:casaAccountDetailsRequest/dto:accountID/spi:item/0",
                            "type" : "string"
                          }
                        }
                      } ]
                    }
                  }
                }
              }
            }
          }
        }
      }
    }
  },
  "namespaces" : [ {
    "prefix" : "soapenv",
    "url" : "http://schemas.xmlsoap.org/soap/envelope/"
  }, {
    "prefix" : "spi",
    "url" : "http://spi.savings.deposit.app.fcr.iflex.com"
  }, {
    "prefix" : "con",
    "url" : "http://context.app.fcr.iflex.com"
  }, {
    "prefix" : "dto",
    "url" : "http://dto.savings.deposit.app.fcr.iflex.com"
  } ]
}