<?xml version="1.0" encoding="UTF-8" standalone="no"?><xsl:stylesheet xmlns:xsl="http://www.w3.org/1999/XSL/Transform" xmlns:char="http://charge.app.fcr.iflex.com" xmlns:con="http://context.app.fcr.iflex.com" xmlns:dto="http://dto.global.entity.fcr.iflex.com" xmlns:firstElementOfTheInput="root" xmlns:notXSLTCompatible="false" xmlns:own="http://ownfunction.org" xmlns:soapenv="http://schemas.xmlsoap.org/soap/envelope/" xmlns:spi="http://spi.bill.app.fcr.iflex.com" xmlns:xs="http://www.w3.org/2001/XMLSchema" extension-element-prefixes="own notXSLTCompatible firstElementOfTheInput" version="2.0"><xsl:function name="own:setPrecision"><xsl:param name="resultString"/><xsl:param name="noOfDigits"/><xsl:if test="$noOfDigits=0"><xsl:value-of select="$resultString"/></xsl:if><xsl:if test="$noOfDigits!=0"><xsl:value-of select="own:setPrecision(concat($resultString,'0'),$noOfDigits - 1)"/></xsl:if></xsl:function><xsl:template match="/"><soapenv:Envelope><soapenv:Body><spi:payUtilityBillByAccount><spi:sessionContext><con:bankCode><xsl:value-of select="root/payUtilityBillByAccount/sessionContext/bankCode"/></con:bankCode><con:channel><xsl:value-of select="root/payUtilityBillByAccount/sessionContext/channel"/></con:channel><con:externalBatchNumber><xsl:value-of select="root/payUtilityBillByAccount/sessionContext/externalBatchNumber"/></con:externalBatchNumber><con:externalReferenceNo><xsl:value-of select="root/payUtilityBillByAccount/sessionContext/externalReferenceNo"/></con:externalReferenceNo><con:externalSystemAuditTrailNumber><xsl:value-of select="root/payUtilityBillByAccount/sessionContext/externalSystemAuditTrailNumber"/></con:externalSystemAuditTrailNumber><con:localDateTimeText><xsl:value-of select="root/payUtilityBillByAccount/sessionContext/localDateTimeText"/></con:localDateTimeText><con:originalReferenceNo><xsl:value-of select="root/payUtilityBillByAccount/sessionContext/originalReferenceNo"/></con:originalReferenceNo><con:overridenWarnings><xsl:value-of select="root/payUtilityBillByAccount/sessionContext/overridenWarnings"/></con:overridenWarnings><con:postingDateText><xsl:value-of select="root/payUtilityBillByAccount/sessionContext/postingDateText"/></con:postingDateText><con:reason><con:comment><xsl:value-of select="root/payUtilityBillByAccount/sessionContext/reason/comment"/></con:comment><con:reasonCode><xsl:value-of select="root/payUtilityBillByAccount/sessionContext/reason/reasonCode"/></con:reasonCode></con:reason><con:serviceCode><xsl:value-of select="root/payUtilityBillByAccount/sessionContext/serviceCode"/></con:serviceCode><con:sessionTicket><xsl:value-of select="root/payUtilityBillByAccount/sessionContext/sessionTicket"/></con:sessionTicket><con:supervisorContext><con:primaryPassword><xsl:value-of select="root/payUtilityBillByAccount/sessionContext/supervisorContext/primaryPassword"/></con:primaryPassword><con:userId><xsl:value-of select="root/payUtilityBillByAccount/sessionContext/supervisorContext/userId"/></con:userId></con:supervisorContext><con:transactionBranch><xsl:value-of select="root/payUtilityBillByAccount/sessionContext/transactionBranch"/></con:transactionBranch><con:userId><xsl:value-of select="root/payUtilityBillByAccount/sessionContext/userId"/></con:userId><con:userReferenceNumber><xsl:value-of select="root/payUtilityBillByAccount/sessionContext/userReferenceNumber"/></con:userReferenceNumber><con:valueDateText><xsl:value-of select="root/payUtilityBillByAccount/sessionContext/valueDateText"/></con:valueDateText></spi:sessionContext><spi:utilityCompanyId><xsl:value-of select="root/payUtilityBillByAccount/utilityCompanyId"/></spi:utilityCompanyId><spi:billNo><xsl:value-of select="root/payUtilityBillByAccount/billNo"/></spi:billNo><spi:accountId><xsl:value-of select="root/payUtilityBillByAccount/accountId"/></spi:accountId><spi:consumerNo><xsl:value-of select="root/payUtilityBillByAccount/consumerNo"/></spi:consumerNo><spi:paymentDueDate><xsl:value-of select="root/payUtilityBillByAccount/paymentDueDate"/></spi:paymentDueDate><spi:billAmount><dto:currencyCode><xsl:value-of select="root/payUtilityBillByAccount/billAmount/currencyCode"/></dto:currencyCode><dto:currencyRate><xsl:value-of select="root/payUtilityBillByAccount/billAmount/currencyRate"/></dto:currencyRate><dto:monetaryValue><xsl:value-of select="root/payUtilityBillByAccount/billAmount/monetaryValue"/></dto:monetaryValue></spi:billAmount><spi:accountCurrencyRate><xsl:value-of select="root/payUtilityBillByAccount/accountCurrencyRate"/></spi:accountCurrencyRate><spi:primaryReferenceNo><xsl:value-of select="root/payUtilityBillByAccount/primaryReferenceNo"/></spi:primaryReferenceNo><spi:secondaryReferenceNo><xsl:value-of select="root/payUtilityBillByAccount/secondaryReferenceNo"/></spi:secondaryReferenceNo><spi:userReferenceNo><xsl:value-of select="root/payUtilityBillByAccount/userReferenceNo"/></spi:userReferenceNo><spi:chargeRequest><char:isServiceChargeApplicable><xsl:value-of select="root/payUtilityBillByAccount/chargeRequest/isServiceChargeApplicable"/></char:isServiceChargeApplicable><char:serviceChargeDetails><xsl:value-of select="root/payUtilityBillByAccount/chargeRequest/serviceChargeDetails"/></char:serviceChargeDetails></spi:chargeRequest><spi:narrative><xsl:value-of select="root/payUtilityBillByAccount/narrative"/></spi:narrative><spi:transactionType><xsl:value-of select="root/payUtilityBillByAccount/transactionType"/></spi:transactionType></spi:payUtilityBillByAccount></soapenv:Body></soapenv:Envelope></xsl:template></xsl:stylesheet>